{"cameraMode":{"drawMode":0,"name":"Shaded","section":"Shading Mode"},"sceneLighting":true,"audioPlay":false,"sceneViewState":{"m_AlwaysRefresh":false,"showFog":true,"showSkybox":true,"showFlares":true,"showImageEffects":true,"showParticleSystems":true,"showVisualEffectGraphs":true,"m_FxEnabled":true},"in2DMode":false,"pivot":{"x":463.9512939453125,"y":13.593701362609864,"z":612.6636962890625},"rotation":{"x":-0.13342267274856568,"y":0.33394181728363039,"z":-0.04781251773238182,"w":-0.9318774938583374},"size":1.0944037437438965,"orthographic":false}