{"cameraMode":{"drawMode":0,"name":"Shaded","section":"Shading Mode"},"sceneLighting":true,"audioPlay":false,"sceneViewState":{"m_AlwaysRefresh":false,"showFog":true,"showSkybox":true,"showFlares":true,"showImageEffects":true,"showParticleSystems":true,"showVisualEffectGraphs":true,"m_FxEnabled":true},"in2DMode":false,"pivot":{"x":1178.25146484375,"y":103.0133056640625,"z":1600.0408935546875},"rotation":{"x":-0.019994104281067849,"y":0.31068697571754458,"z":0.006406432017683983,"w":0.9505921602249146},"size":710.5736083984375,"orthographic":false}