{"cameraMode":{"drawMode":0,"name":"Shaded","section":"Shading Mode"},"sceneLighting":true,"audioPlay":false,"sceneViewState":{"m_AlwaysRefresh":false,"showFog":true,"showSkybox":true,"showFlares":true,"showImageEffects":true,"showParticleSystems":true,"showVisualEffectGraphs":true,"m_FxEnabled":true},"in2DMode":false,"pivot":{"x":93.38615417480469,"y":17.802698135375978,"z":895.9343872070313},"rotation":{"x":0.0044174534268677238,"y":0.969704270362854,"z":-0.02056730166077614,"w":0.24538256227970124},"size":0.8660253882408142,"orthographic":false}