{"cameraMode":{"drawMode":0,"name":"Shaded","section":"Shading Mode"},"sceneLighting":false,"audioPlay":false,"sceneViewState":{"m_AlwaysRefresh":false,"showFog":false,"showSkybox":false,"showFlares":false,"showImageEffects":false,"showParticleSystems":false,"showVisualEffectGraphs":true,"m_FxEnabled":true},"in2DMode":false,"pivot":{"x":0.0019128024578094483,"y":-0.0029561519622802736,"z":0.0020136088132858278},"rotation":{"x":0.02120054140686989,"y":-0.8647609353065491,"z":0.03420400992035866,"w":0.5018225312232971},"size":1.297061562538147,"orthographic":false}