{"cameraMode":{"drawMode":0,"name":"Shaded","section":"Shading Mode"},"sceneLighting":false,"audioPlay":false,"sceneViewState":{"m_AlwaysRefresh":false,"showFog":false,"showSkybox":false,"showFlares":false,"showImageEffects":false,"showParticleSystems":false,"showVisualEffectGraphs":true,"m_FxEnabled":true},"in2DMode":false,"pivot":{"x":-0.003516674041748047,"y":0.9255396723747253,"z":0.010626912117004395},"rotation":{"x":0.018160253763198854,"y":-0.8655524849891663,"z":0.029033299535512925,"w":0.5009022951126099},"size":1.5999103784561158,"orthographic":false}